<?xml version="1.0" encoding="UTF-8"?>

<channel name="xfce4-panel" version="1.0">
  <property name="configver" type="int" value="2"/>
  <property name="panels" type="array">
    <value type="int" value="1"/>
    <value type="int" value="2"/>
    <value type="int" value="3"/>
    <property name="panel-1" type="empty">
      <property name="position" type="string" value="p=6;x=0;y=0"/>
      <property name="length" type="uint" value="100"/>
      <property name="position-locked" type="bool" value="true"/>
      <property name="size" type="uint" value="30"/>
      <property name="plugin-ids" type="array">
        <value type="int" value="1"/>
        <value type="int" value="3"/>
        <value type="int" value="15"/>
        <value type="int" value="5"/>
        <value type="int" value="6"/>
        <value type="int" value="2"/>
      </property>
      <property name="disable-struts" type="bool" value="false"/>
      <property name="background-style" type="uint" value="0"/>
    </property>
    <property name="panel-2" type="empty">
      <property name="position" type="string" value="p=8;x=470;y=746"/>
      <property name="position-locked" type="bool" value="true"/>
      <property name="plugin-ids" type="array">
        <value type="int" value="14"/>
        <value type="int" value="12"/>
        <value type="int" value="10"/>
        <value type="int" value="41"/>
        <value type="int" value="39"/>
        <value type="int" value="34"/>
        <value type="int" value="9"/>
        <value type="int" value="43"/>
        <value type="int" value="21"/>
        <value type="int" value="18"/>
        <value type="int" value="8"/>
        <value type="int" value="47"/>
        <value type="int" value="17"/>
        <value type="int" value="22"/>
        <value type="int" value="44"/>
        <value type="int" value="16"/>
        <value type="int" value="26"/>
        <value type="int" value="33"/>
        <value type="int" value="20"/>
        <value type="int" value="24"/>
        <value type="int" value="29"/>
        <value type="int" value="13"/>
        <value type="int" value="42"/>
        <value type="int" value="49"/>
        <value type="int" value="32"/>
        <value type="int" value="50"/>
        <value type="int" value="48"/>
        <value type="int" value="4"/>
        <value type="int" value="7"/>
      </property>
      <property name="background-style" type="uint" value="1"/>
      <property name="background-color" type="array">
        <value type="uint" value="19215"/>
        <value type="uint" value="18163"/>
        <value type="uint" value="15536"/>
        <value type="uint" value="65535"/>
      </property>
      <property name="size" type="uint" value="39"/>
    </property>
    <property name="panel-3" type="empty">
      <property name="position" type="string" value="p=3;x=1330;y=387"/>
      <property name="mode" type="uint" value="1"/>
      <property name="background-style" type="uint" value="1"/>
      <property name="autohide-behavior" type="uint" value="2"/>
      <property name="position-locked" type="bool" value="true"/>
      <property name="plugin-ids" type="array">
        <value type="int" value="38"/>
        <value type="int" value="40"/>
        <value type="int" value="45"/>
        <value type="int" value="46"/>
        <value type="int" value="35"/>
        <value type="int" value="25"/>
        <value type="int" value="27"/>
        <value type="int" value="28"/>
        <value type="int" value="31"/>
        <value type="int" value="36"/>
        <value type="int" value="37"/>
        <value type="int" value="23"/>
      </property>
      <property name="length" type="uint" value="40"/>
      <property name="background-color" type="array">
        <value type="uint" value="10249"/>
        <value type="uint" value="3844"/>
        <value type="uint" value="59657"/>
        <value type="uint" value="65535"/>
      </property>
      <property name="background-alpha" type="uint" value="10"/>
    </property>
  </property>
  <property name="plugins" type="empty">
    <property name="plugin-1" type="string" value="applicationsmenu">
      <property name="button-icon" type="string" value="/home/amibian/.logo.png"/>
      <property name="button-title" type="string" value="Workbench"/>
    </property>
    <property name="plugin-2" type="string" value="actions"/>
    <property name="plugin-3" type="string" value="tasklist"/>
    <property name="plugin-15" type="string" value="separator">
      <property name="expand" type="bool" value="true"/>
      <property name="style" type="uint" value="0"/>
    </property>
    <property name="plugin-5" type="string" value="clock"/>
    <property name="plugin-7" type="string" value="showdesktop"/>
    <property name="plugin-8" type="string" value="separator">
      <property name="style" type="uint" value="1"/>
    </property>
    <property name="plugin-9" type="string" value="launcher">
      <property name="items" type="array">
        <value type="string" value="16126138761.desktop"/>
      </property>
    </property>
    <property name="plugin-10" type="string" value="launcher">
      <property name="items" type="array">
        <value type="string" value="16126138762.desktop"/>
      </property>
    </property>
    <property name="plugin-12" type="string" value="launcher">
      <property name="items" type="array">
        <value type="string" value="16126138774.desktop"/>
      </property>
    </property>
    <property name="plugin-13" type="string" value="separator">
      <property name="style" type="uint" value="1"/>
    </property>
    <property name="plugin-14" type="string" value="directorymenu">
      <property name="base-directory" type="string" value="/home/amibian"/>
      <property name="icon-name" type="string" value="help-about"/>
    </property>
    <property name="plugin-17" type="string" value="launcher">
      <property name="items" type="array">
        <value type="string" value="16126145126.desktop"/>
      </property>
    </property>
    <property name="plugin-18" type="string" value="launcher">
      <property name="items" type="array">
        <value type="string" value="16126145347.desktop"/>
      </property>
    </property>
    <property name="plugin-20" type="string" value="launcher">
      <property name="items" type="array">
        <value type="string" value="16126145619.desktop"/>
      </property>
    </property>
    <property name="plugin-21" type="string" value="launcher">
      <property name="items" type="array">
        <value type="string" value="161261456910.desktop"/>
      </property>
    </property>
    <property name="plugin-24" type="string" value="launcher">
      <property name="items" type="array">
        <value type="string" value="161261461713.desktop"/>
      </property>
    </property>
    <property name="plugin-25" type="string" value="launcher">
      <property name="items" type="array">
        <value type="string" value="161261462714.desktop"/>
      </property>
    </property>
    <property name="plugin-26" type="string" value="launcher">
      <property name="items" type="array">
        <value type="string" value="161261464515.desktop"/>
      </property>
    </property>
    <property name="plugin-27" type="string" value="launcher">
      <property name="items" type="array">
        <value type="string" value="161261465416.desktop"/>
      </property>
    </property>
    <property name="plugin-28" type="string" value="launcher">
      <property name="items" type="array">
        <value type="string" value="161261471117.desktop"/>
      </property>
    </property>
    <property name="plugin-29" type="string" value="launcher">
      <property name="items" type="array">
        <value type="string" value="161261476418.desktop"/>
      </property>
    </property>
    <property name="plugin-31" type="string" value="launcher">
      <property name="items" type="array">
        <value type="string" value="161261486220.desktop"/>
      </property>
    </property>
    <property name="plugin-32" type="string" value="launcher">
      <property name="items" type="array">
        <value type="string" value="161261487121.desktop"/>
      </property>
    </property>
    <property name="plugin-33" type="string" value="launcher">
      <property name="items" type="array">
        <value type="string" value="161261488522.desktop"/>
      </property>
    </property>
    <property name="plugin-34" type="string" value="launcher">
      <property name="items" type="array">
        <value type="string" value="161261489323.desktop"/>
      </property>
    </property>
    <property name="plugin-36" type="string" value="launcher">
      <property name="items" type="array">
        <value type="string" value="161261497125.desktop"/>
      </property>
    </property>
    <property name="plugin-37" type="string" value="launcher">
      <property name="items" type="array">
        <value type="string" value="161261497826.desktop"/>
      </property>
    </property>
    <property name="plugin-38" type="string" value="launcher">
      <property name="items" type="array">
        <value type="string" value="161261500927.desktop"/>
      </property>
    </property>
    <property name="plugin-40" type="string" value="launcher">
      <property name="items" type="array">
        <value type="string" value="161261508229.desktop"/>
      </property>
    </property>
    <property name="plugin-41" type="string" value="launcher">
      <property name="items" type="array">
        <value type="string" value="161261591230.desktop"/>
      </property>
    </property>
    <property name="plugin-42" type="string" value="launcher">
      <property name="items" type="array">
        <value type="string" value="16126811894.desktop"/>
      </property>
      <property name="show-label" type="bool" value="false"/>
      <property name="disable-tooltips" type="bool" value="false"/>
    </property>
    <property name="plugin-43" type="string" value="launcher">
      <property name="items" type="array">
        <value type="string" value="161261602431.desktop"/>
      </property>
    </property>
    <property name="plugin-4" type="string" value="launcher">
      <property name="items" type="array">
        <value type="string" value="16126815265.desktop"/>
      </property>
    </property>
    <property name="plugin-6" type="string" value="pulseaudio">
      <property name="enable-keyboard-shortcuts" type="bool" value="true"/>
    </property>
    <property name="plugin-16" type="string" value="launcher">
      <property name="items" type="array">
        <value type="string" value="16126822191.desktop"/>
      </property>
    </property>
    <property name="plugin-22" type="string" value="launcher">
      <property name="items" type="array">
        <value type="string" value="16126822522.desktop"/>
      </property>
    </property>
    <property name="plugin-23" type="string" value="launcher">
      <property name="items" type="array">
        <value type="string" value="16126823093.desktop"/>
      </property>
    </property>
    <property name="plugin-35" type="string" value="launcher">
      <property name="items" type="array">
        <value type="string" value="16126823184.desktop"/>
      </property>
    </property>
    <property name="plugin-39" type="string" value="launcher">
      <property name="items" type="array">
        <value type="string" value="16126823765.desktop"/>
      </property>
    </property>
    <property name="plugin-44" type="string" value="launcher">
      <property name="items" type="array">
        <value type="string" value="16126823876.desktop"/>
      </property>
    </property>
    <property name="plugin-45" type="string" value="launcher">
      <property name="items" type="array">
        <value type="string" value="16126823977.desktop"/>
      </property>
    </property>
    <property name="plugin-46" type="string" value="launcher">
      <property name="items" type="array">
        <value type="string" value="16126824108.desktop"/>
      </property>
    </property>
    <property name="plugin-47" type="string" value="launcher">
      <property name="items" type="array">
        <value type="string" value="16126824309.desktop"/>
      </property>
    </property>
    <property name="plugin-48" type="string" value="launcher">
      <property name="items" type="array">
        <value type="string" value="161268246110.desktop"/>
      </property>
    </property>
    <property name="plugin-49" type="string" value="launcher">
      <property name="items" type="array">
        <value type="string" value="161268257411.desktop"/>
      </property>
    </property>
    <property name="plugin-50" type="string" value="launcher">
      <property name="items" type="array">
        <value type="string" value="161268259512.desktop"/>
      </property>
    </property>
  </property>
</channel>
