RetroShow
Theme by Darish Zone based on ES Chicuelo, look below for info.
https://www.youtube.com/c/DarishZone

Feel free to share and enjoy, just remember to give credits to authors!

<!--
theme name:     Chicuelo
author:         Nico La Rosa - Chicuelo
website:        www.chicuelo.com.ar

font:           Roboto-Medium.ttf

# Thanks and Credits
Some controllers used in this theme are created by great artists who kindly agreed to include their art within the theme - here you can find their artwork:

Ricky Romero - https://dribbble.com/RickyRomero
David McLeod - https://dribbble.com/Mucx
Craig Erskine - https://dribbble.com/craigerskine
Memory Noise - https://dribbble.com/memorynoise

Special thanks to @EctoOne who helped on the improvement of this theme and it looks great in any resolution - thanks to him!
Special thanks to @cosmo0 who contributed with some art, various logos and important information for each system!
Special thanks to @movisman who helped make the theme to look beautiful in every resolution, and for providing various logos and system information!

# License
This work is licensed under a Creative Commons Attribution-NonCommercial-ShareAlike 4.0 International License. Please see README.md for full details.
-->

<theme>
<formatVersion>4</formatVersion>
 

<!-- System View -->

<feature supported="carousel">
<view name="system">
 <image name="background" extra="true">
	<tile>false</tile>
	<path>./_assets/system-global-bg.jpg</path>
	<size>1 1</size>
	<pos>0 0</pos>
 </image>
 
 <text name="shortdescription" extra="true">
	<fontPath>./_assets/Roboto-Medium.ttf</fontPath>
	<alignment>center</alignment>
	<forceUppercase>1</forceUppercase>
	<fontSize>0.03</fontSize>
	<color>818181</color>
	<origin>0.5 0.5</origin>
	<pos>0.232 0.25</pos>
	<size>0.32 0.1</size>
 </text>

 <image name="logo">
	<path>./_assets/logos/${system.theme}.svg</path>
	<color>4f5159</color>

 </image>

 <carousel name="systemcarousel">
	<type>horizontal</type>
	<color>00000000</color>
	<origin>0.5 0.5</origin>
	<pos>0.232 0.415</pos>
	<size>1 .4</size> 
	<logoScale>0.7</logoScale>
	<logoSize>0.3 0.2</logoSize>
	<maxLogoCount>1</maxLogoCount>
 </carousel>

 <text name="systemInfo">
	<fontPath>./_assets/Roboto-Medium.ttf</fontPath>
	<alignment>center</alignment>
	<backgroundColor>00000000</backgroundColor>
	<color>4f5159</color>
	<origin>0.5 0.5</origin>
	<pos>0.232 0.77</pos>
	<size>0.980 0.050</size>
	<fontSize>0.025</fontSize>
 </text>
 
 <text name="longdescription" extra="true">
	<fontPath>./_assets/Roboto-Medium.ttf</fontPath>
	<alignment>center</alignment>
	<forceUppercase>0</forceUppercase>
	<fontSize>0.02</fontSize>
	<color>818181</color>
	<origin>0.5 0.5</origin>
	<pos>0.232 0.58</pos>
	<size>0.20 0.1</size>
 </text>
 
<!--

 <image name="indicator" extra="true">
	<path>./_assets/indicators/${system.theme}.png</path>
	<tile>false</tile>
	<origin>0.5 0.5</origin>
	<pos>0.028 0.5</pos>
	<size>0.008 0.65</size>
  </image>

-->

 <image name="character" extra="true">
	<path>./_assets/characters/${system.theme}.jpg</path>
	<tile>false</tile>
	<origin>0.5 0.5</origin>
	<pos>0.678 0.5</pos>
	<size>0.535 0.85</size>
  </image>

 <helpsystem name="help">
    <fontPath>./_assets/Roboto-Medium.ttf</fontPath>
    <fontSize>0.019</fontSize>
	<pos>0.05 0.97</pos>
	<textColor>FFFFFF</textColor>
    <iconColor>FFFFFF</iconColor>
 </helpsystem>
  
</view>
</feature>





<!-- Gamelist View -->

<view name="basic, detailed, video, grid">

 <image name="background" extra="true">
	<tile>false</tile>
	<path>./_assets/ingame-global-bg.jpg</path>
	<size>1 1</size>
	<pos>0 0</pos>
 </image>

 <image name="logo2" extra="true">
	<path>./_assets/logos/${system.theme}.svg</path>
	<color>4f5159</color>
	<origin>0.5 0.5</origin>
	<pos>0.553 0.821</pos>
	<maxSize>0.16 0.16</maxSize>
 </image>
 
 <text name="shortdescription" extra="true">
	<pos>1 1</pos>
 </text>
 
 <text name="longdescription" extra="true">
	<fontPath>./_assets/Roboto-Medium.ttf</fontPath>
	<forceUppercase>0</forceUppercase>
	<fontSize>0.02</fontSize>
	<color>818181</color>
	<origin>0.5 0.5</origin>
	<pos>0.789 0.821</pos>
	<size>0.25 0.2</size>
 </text>
 
<textlist name="gamelist">
	<selectorColor>ffffff</selectorColor>
	<selectorImagePath>./_assets/icon.png</selectorImagePath>
	<selectedColor>78c7ef</selectedColor>
	<selectorHeight>.05</selectorHeight>
	<primaryColor>dee0e8</primaryColor>
	<secondaryColor>eac428</secondaryColor>
	<fontPath>./_assets/Roboto-Medium.ttf</fontPath>
	<alignment>left</alignment>
	<forceUppercase>1</forceUppercase>
	<pos>0.07 0.12</pos>
	<size>0.395 0.75</size>
	<fontSize>0.03</fontSize>
	<lineSpacing>1.70</lineSpacing>
	<horizontalMargin>0.05</horizontalMargin>
</textlist>

<helpsystem name="help">
    <fontPath>./_assets/Roboto-Medium.ttf</fontPath>
    <fontSize>0.020</fontSize>
	<pos>0.48 0.96</pos>
	<textColor>FFFFFF</textColor>
    <iconColor>FFFFFF</iconColor>
</helpsystem>

<!-- Hide Unused Elements -->	
<text name="md_description, md_lbl_players, md_players, md_lbl_developer, md_developer, md_lbl_publisher, md_publsher, md_lbl_genre, md_genre, md_lbl_playcount, md_playcount, md_lbl_lastplayed, md_lbl_releasedate, md_lbl_rating">
	<pos>1 1</pos>
</text>
<datetime name="md_lastplayed, md_releasedate">
	<pos>1 1</pos>
</datetime>
<rating name="md_rating">
	<pos>1 1</pos>
</rating>

</view>

<view name="basic, detailed, grid">
 <image name="md_image">
	<origin>0.5 0.5</origin>
	<pos>0.6925 0.3915</pos>
	<maxSize>0.4292 0.5297</maxSize>
 </image>
</view>

<feature supported="video">

<view name="video">
 <video name="md_video">
	<origin>0.5 0.5</origin>
	<pos>0.6925 0.3915</pos>
	<maxSize>0.4292 0.5297</maxSize>
	<delay>2</delay>
	<showSnapshotNoVideo>true</showSnapshotNoVideo>
	<showSnapshotDelay>true</showSnapshotDelay>
 </video>
</view>
</feature>
<view name="detailed, video">
 <image name="logo2" extra="true">
	<origin>0 0</origin>
	<pos>1 1</pos>
 </image>
 <text name="longdescription" extra="true">
	<origin>0 0</origin>
	<pos>1 1</pos>
 </text>
	
 <text name="md_lbl_genre, md_genre, md_lbl_releasedate, md_lbl_developer, md_developer, md_lbl_players, md_players, md_lbl_rating">
	<fontPath>./_assets/Roboto-Medium.ttf</fontPath>
	<forceUppercase>0</forceUppercase>
	<fontSize>0.02</fontSize>
	<color>818181</color>
	<alignment>left</alignment>
	<size>0.11 0.02</size>
 </text>
 <text name="md_lbl_genre">
	<origin>0.5 0.5</origin>
	<pos>0.536 0.761</pos>
 </text>
 <text name="md_genre">
	<origin>0.5 0.5</origin>
	<pos>0.59 0.761</pos>
 </text>
 <text name="md_lbl_releasedate">
	<origin>0.5 0.5</origin>
	<pos>0.536 0.791</pos>
 </text>
 <datetime name="md_releasedate">
	<fontPath>./_assets/Roboto-Medium.ttf</fontPath>
	<fontSize>0.02</fontSize>
	<color>818181</color>
	<pos>0.535 0.781</pos>
	<size>0.11 0.02</size>
 </datetime>
 <text name="md_lbl_developer">
	<origin>0.5 0.5</origin>
	<pos>0.536 0.821</pos>
 </text>
 <text name="md_developer">
	<origin>0.5 0.5</origin>
	<pos>0.59 0.821</pos>
 </text>
 <text name="md_lbl_players">
	<origin>0.5 0.5</origin>
	<pos>0.536 0.851</pos>
 </text>
 <text name="md_players">
	<origin>0.5 0.5</origin>
	<pos>0.59 0.851</pos>
  </text>
 <text name="md_lbl_rating">
	<origin>0.5 0.5</origin>
	<pos>0.536 0.881</pos>
 </text>
 <rating name="md_rating">
	<origin>0.5 0.5</origin>
	<pos>0.59 0.881</pos>
	<size>0.11 0.02</size>
	<color>818181</color>
 </rating>
 
 <text name="md_description">
	<fontPath>./_assets/Roboto-Medium.ttf</fontPath>
	<forceUppercase>0</forceUppercase>
	<fontSize>0.02</fontSize>
	<color>818181</color>
	<origin>0.5 0.5</origin>
	<pos>0.789 0.821</pos>
	<size>0.25 0.16</size>
 </text>
</view>
</theme>
