<?xml version="1.0"?>
<gameList>
	<game>
		<path>./audiosettings.rp</path>
		<name>Audio</name>
		<desc>Configure audio settings. Choose default of auto, 3.5mm jack, or HDMI. Mixer controls, and apply default settings.</desc>
		<image>/home/pi/RetroPie/retropiemenu/icons/audiosettings.png</image>
	</game>
	<game>
		<path>./bluetooth.rp</path>
		<name>Bluetooth</name>
		<desc>Register and connect to Bluetooth devices. Unregister and remove devices, and display registered and connected devices.</desc>
		<image>/home/pi/RetroPie/retropiemenu/icons/bluetooth.png</image>
	</game>
	<game>
		<path>./configedit.rp</path>
		<name>Configuration Editor</name>
		<desc>Change common RetroArch options, and manually edit RetroArch configs, global configs, and non-RetroArch configs.</desc>
		<image>/home/pi/RetroPie/retropiemenu/icons/configedit.png</image>
	</game>
	<game>
		<path>./esthemes.rp</path>
		<name>ES Themes</name>
		<desc>Install, uninstall, or update EmulationStation themes. Most themes can be previewed at https://retropie.org.uk/docs/Themes/.</desc>
		<image>/home/pi/RetroPie/retropiemenu/icons/esthemes.png</image>
	</game>
	<game>
		<path>./filemanager.rp</path>
		<name>File Manager</name>
		<desc>Basic ASCII file manager for Linux allowing you to browse, copy, delete, and move files.</desc>
		<image>/home/pi/RetroPie/retropiemenu/icons/filemanager.png</image>
	</game>
	<game>
		<path>./raspiconfig.rp</path>
		<name>Raspi-Config</name>
		<desc>Change user password, boot options, internationalization, camera, add your Pi to Rastrack, overclock, overscan, memory split, SSH and more.</desc>
		<image>/home/pi/RetroPie/retropiemenu/icons/raspiconfig.png</image>
	</game>
	<game>
		<path>./retroarch.rp</path>
		<name>Retroarch</name>
		<desc>Launches the RetroArch GUI so you can change RetroArch options. Note: Changes will not be saved unless you have enabled the "Save Configuration On Exit" option.</desc>
		<image>/home/pi/RetroPie/retropiemenu/icons/retroarch.png</image>
	</game>
	<game>
		<path>./retronetplay.rp</path>
		<name>RetroArch Net Play</name>
		<desc>Set up RetroArch Netplay options, choose host or client, port, host IP, delay frames, and your nickname.</desc>
		<image>/home/pi/RetroPie/retropiemenu/icons/retronetplay.png</image>
	</game>
	<game>
		<path>./runcommand.rp</path>
		<name>Run Command Configuration</name>
		<desc>Change what appears on the runcommand screen. Enable or disable the menu, enable or disable box art, and change CPU configuration.</desc>
		<image>/home/pi/RetroPie/retropiemenu/icons/runcommand.png</image>
	</game>
	<game>
		<path>./showip.rp</path>
		<name>Show IP</name>
		<desc>Displays your current IP address, as well as other information provided by the command "ip addr show."</desc>
		<image>/home/pi/RetroPie/retropiemenu/icons/showip.png</image>
	</game>
	<game>
		<path>./wifi.rp</path>
		<name>WiFi</name>
		<desc>Connect to or disconnect from a WiFi network and configure WiFi settings.</desc>
		<image>/home/pi/RetroPie/retropiemenu/icons/wifi.png</image>
	</game>
	<game>
		<path>./rpsetup.rp</path>
		<name>RetroPie Setup</name>
		<desc>Install RetroPie from binary or source, install experimental packages, additional drivers, edit Samba shares, custom scraper, as well as other RetroPie-related configurations.</desc>
		<image>./icons/rpsetup.png</image>
		<playcount>1</playcount>
		<lastplayed>20210204T052715</lastplayed>
	</game>
	<game>
		<path>./splashscreen.rp</path>
		<name>Splash Screens</name>
		<desc>Enable or disable the splashscreen on RetroPie boot. Choose a splashscreen, download new splashscreens, and return splashscreen to default.</desc>
		<image>./icons/splashscreen.png</image>
		<playcount>1</playcount>
		<lastplayed>20210204T052947</lastplayed>
	</game>
</gameList>
